{"cameraMode":{"drawMode":0,"name":"Shaded","section":"Shading Mode"},"sceneLighting":true,"audioPlay":false,"sceneViewState":{"showFog":true,"showMaterialUpdate":false,"showSkybox":true,"showFlares":true,"showImageEffects":false,"showParticleSystems":true},"in2DMode":false,"pivot":{"x":-0.020000003278255464,"y":1.561421275138855,"z":1.7599999904632569},"rotation":{"x":-0.14163550734519959,"y":0.32094821333885195,"z":-0.048607878386974338,"w":-0.9351839423179627},"size":2.671576738357544,"orthographic":false}